24 Horas,24 Horas
324,324
324 Catalunya,324 Catalunya
7TV Andalucía,7TV Andalucía
7teleValencia,7teleValencia
8madrid TV,8madrid TV
AMC Break,AMC Break
AMC Crime,AMC Crime
AMC HD,AMC HD
AXN HD,AXN HD
AXN Movies HD,AXN Movies HD
Acción (Rakuten TV),Acción (Rakuten TV)
Alacantí TV,Alacantí TV
Andalucía TV,Andalucía TV
Antena 3 HD,Antena 3 HD
Aragón TV,Aragón TV
Atrescine,Atrescine
Atreseries,Atreseries
BBC Drama,BBC Drama
BBC Food,BBC Food
BBC History,BBC History
BBC Top Gear,BBC Top Gear
BOM Cine,BOM Cine
Baby TV,Baby TV
Banyoles TV,Banyoles TV
Barcelona TV,Barcelona TV
Be Mad,Be Mad
Betevé,Betevé
Boing,Boing
Bon Dia TV,Bon Dia TV
BuenViaje,BuenViaje
CMM TV,CMM TV
CNN en Español,CNN en Español
Calle 13 HD,Calle 13 HD
Canal 10 Empordà,Canal 10 Empordà
Canal Blau,Canal Blau
Canal Cocina,Canal Cocina
Canal Extremadura,Canal Extremadura
Canal Hollywood HD,Canal Hollywood HD
Canal Reus TV,Canal Reus TV
Canal Sur Andalucía,Canal Sur Andalucía
Canal Sur HD,Canal Sur HD
Canal Taronja Anoia,Canal Taronja Anoia
Canal Taronja Central,Canal Taronja Central
Canal Terrassa,Canal Terrassa
Canal Terres de l'Ebre,Canal Terres de l'Ebre
Canal21 Ebre,Canal21 Ebre
Cine Español (Rakuten TV),Cine Español (Rakuten TV)
Cine Feel Good,Cine Feel Good
Cines Verdi TV,Cines Verdi TV
Clan,Clan
Classica HD,Classica HD
Club MTV,Club MTV
Comedias (Rakuten TV),Comedias (Rakuten TV)
Comedy Central HD,Comedy Central HD
Cosmo HD,Cosmo HD
Crimen (Rakuten TV),Crimen (Rakuten TV)
Cuatro HD,Cuatro HD
Cugat Media,Cugat Media
DARK,DARK
DAZN 1 HD,DAZN 1 HD
DAZN 2 HD,DAZN 2 HD
DAZN F1 HD,DAZN F1 HD
DAZN LaLiga HD,DAZN LaLiga HD
DKISS,DKISS
DMAX,DMAX
Decasa,Decasa
Discovery,Discovery
Disney Junior,Disney Junior
Divinity,Divinity
Djazz,Djazz
Dramas (Rakuten TV),Dramas (Rakuten TV)
Dreamworks HD,Dreamworks HD
EITB Basque,EITB Basque
ETB1,ETB1
ETB2,ETB2
ETB3,ETB3
ETB4ETB4
EWTN,EWTN
El 33 Catalunya,El 33 Catalunya
El 9 TV,El 9 TV
El Toro TV,El Toro TV
EmpordaTV,EmpordaTV
En Familia (Rakuten TV),En Familia (Rakuten TV)
Energy,Energy
Enfamilia,Enfamilia
Escapa TV,Escapa TV
Esport 3,Esport 3
Esport3 Catalunya,Esport3 Catalunya
EuroNews,EuroNews
Eurosport 1 HD,Eurosport 1 HD
Eurosport 2,Eurosport 2
Factoría de Ficción,Factoría de Ficción
HIT TV,HIT TV
Historia,Historia
IB3 TV Illes Balears,IB3 TV Illes Balears
La 1 HD,La 1 HD
La 2,La 2
La 7 CyL,La 7 CyL
La Ocho Mediterráneo,La Ocho Mediterráneo
La Otra,La Otra
La Sexta HD,La Sexta HD
LaLiga TV Hypermotion HD,LaLiga TV Hypermotion HD
Levante TV,Levante TV
Libertad Digital TV,Libertad Digital TV
Lleida TV,Lleida TV
M+ Acción HD,M+ Acción HD
M+ Cine Español,M+ Cine Español
M+ Clásicos HD,M+ Clásicos HD
M+ Comedia HD,M+ Comedia HD
M+ Deportes HD,M+ Deportes HD
M+ Documentales HD,M+ Documentales HD
M+ Drama HD,M+ Drama HD
M+ Ellas Vamos HD,M+ Ellas Vamos HD
M+ Estrenos HD,M+ Estrenos HD
M+ Hits HD,M+ Hits HD
M+ Indie HD,M+ Indie HD
M+ LaLiga TV HD,M+ LaLiga TV HD
M+ Liga de Campeones HD,M+ Liga de Campeones HD
M+ Originales HD,M+ Originales HD
M+ Oscars,M+ Oscars
5f1ac1f1b66c76000790ef27,Pluto Cine Estelar
5f1ac8a87cd38d000745d7cf,Pluto Thrillers
61373bb45168fe000773eecd,Pluto Cine Clásico
65ce480a78df2200131c597b,Pluto Psycho
6267d4d1fb694f0007a6af0e,Pluto Horror
645a309c5a0cd5000873f609,Pluto Catástrofes
65786888b228b7000843ad9a,Pluto Zombies
60cc807324d60a0007708dc8,Pluto Cine de Autor
5f6a38eaa5b68b0007a00e7a,Pluto Scifi
6245c2a5eec07b0007249fc8,Sensación de vivir
ES3200001F1,BBC EARTH
travelxp-es,Travel xp
5-minutes-craft-es,5-Minute Crafts
643054b1fc3be59477853717-5ef4e1b10d9ad000423c4421,Always Funny en Español
filmrise-archivos-forenses,Forensic Files
lifestyle-es-rakuten-tv,Rakuten TV Estilo y Vida
63c69c87808b740007599fe1,Canal Érase una vez
643054b1fc3be59477853717-640205c68ecb41f2d89d5814,The Ed Sullivan Show
643054b1fc3be59477853717-656fb124cb7e8e6a9bc3f36a,Kidz Bop TV
6076cd1df8576d0007c82193,VH1 Classics
vevo-latino-es,Vevo Latino
vevo-pop-es,Vevo Pop
Movie Music.es,Movies Music By Stingray
Djazz.es,Djazz
643054b1fc3be59477853717-62d7f68fb19cbf65dc7bef7d,Stingray Classica Stream
Deutsche W,Deutsche W
GOL PLAY,GOL PLAY
Canal Parlamento.es,Canal Parlamento
Negocios TV,Negocios TV
El Confidencial,El Confidencial
Actualidad 360.es,Actualidad 360
Tabernaculo Biblico Bautista.sv,Tabernaculo Biblico Bautista
ENLACE TBN.ar,ENLACE TBN
Bethel.hn,Bethel
CCI Channel.hn,CCI Channel
Canal Luz.ar,Canal Luz
KSCEDT2.us,Vida Television
CDM - Cadena de Milagragos.hn,CDM
Aliento Vision.co,Aliento Vision
EWTN,EWTN
ETV,ETV
Canal San Roque.es,Canal San Roque
9 La Loma TV.es,9 La Loma TV
101tv Antequera.es,101tv Antequera
Fibwi TV Autonomica.es,Fibwi TV Autonomica
Canal 4 Televisio.es,Canal 4 Televisio
Canal Málaga.es,Canal Málaga
Condavision.es,Condavision
Estepona TV.es,Estepona TV
Teleonuba.es,Teleonuba
Telesur.es,Telesur
Tuya TV.es,Tuya TV
TVM Cordoba.es,TVM Cordoba
TV Melilla.es,TV Melilla
Vinx TV.es,Vinx TV
La 7 Murcia,La 7 Murcia
Distrito TV.es,Distrito TV
Sin Filtros.es,Sin Filtros
Flamenco Auditorio.es,Flamenco Auditorio
Qello Concerts.es,Qello Concerts
NOW Rock.es,NOW Rock
NOW 70s.es,NOW 70s
NOW 80s.es,NOW 80s
ZUT TV.es,ZUT TV
Crimen and Historia.es,Crimen and Historia
Viajes y Sabores.es,Viajes y Sabores
Historia y Vida.es,Historia y Vida
thriller-rakuten-tv,Thrillers Rakuten Tv
runtime-familia-1,Runtime Familia
dark-matter-es-new,Dark Matter
FilmandCo.es,Film & Co
cine-friki,Cine Friki
Trailers.es,Love TV Trailers
Planeta de Cine.es,Planeta De Cine
